collection_slug,collection_name,description,status,place_internal_id,position,note,environment
cafe-ba-khu-vuc-sai-gon,9 quán cafe ở ba khu vực Sài Gòn,"Danh sách POI thật tại Quận 1, Quận 3 và Bình Thạnh do Chốn tuyển chọn để khám phá.",published,vietmap_1f64d73f62d40c03ff44eead,0,POI tại Bình Thạnh.,local
cafe-ba-khu-vuc-sai-gon,9 quán cafe ở ba khu vực Sài Gòn,"Danh sách POI thật tại Quận 1, Quận 3 và Bình Thạnh do Chốn tuyển chọn để khám phá.",published,vietmap_8235aea3afb8423d1bd8c501,1,POI tại Bình Thạnh.,local
cafe-ba-khu-vuc-sai-gon,9 quán cafe ở ba khu vực Sài Gòn,"Danh sách POI thật tại Quận 1, Quận 3 và Bình Thạnh do Chốn tuyển chọn để khám phá.",published,vietmap_b235986ff4367097ed2adaea,2,POI tại Bình Thạnh.,local
cafe-ba-khu-vuc-sai-gon,9 quán cafe ở ba khu vực Sài Gòn,"Danh sách POI thật tại Quận 1, Quận 3 và Bình Thạnh do Chốn tuyển chọn để khám phá.",published,vietmap_3be3db450a93011e109ae699,3,POI tại Quận 1.,local
cafe-ba-khu-vuc-sai-gon,9 quán cafe ở ba khu vực Sài Gòn,"Danh sách POI thật tại Quận 1, Quận 3 và Bình Thạnh do Chốn tuyển chọn để khám phá.",published,vietmap_659d43a63bc4162f0724dc41,4,POI tại Quận 1.,local
cafe-ba-khu-vuc-sai-gon,9 quán cafe ở ba khu vực Sài Gòn,"Danh sách POI thật tại Quận 1, Quận 3 và Bình Thạnh do Chốn tuyển chọn để khám phá.",published,vietmap_3eebdcb2492c929fdcae1054,5,POI tại Quận 1.,local
cafe-ba-khu-vuc-sai-gon,9 quán cafe ở ba khu vực Sài Gòn,"Danh sách POI thật tại Quận 1, Quận 3 và Bình Thạnh do Chốn tuyển chọn để khám phá.",published,vietmap_0f7ed33d7719edd352124f25,6,POI tại Quận 3.,local
cafe-ba-khu-vuc-sai-gon,9 quán cafe ở ba khu vực Sài Gòn,"Danh sách POI thật tại Quận 1, Quận 3 và Bình Thạnh do Chốn tuyển chọn để khám phá.",published,vietmap_4436ec558c613ec50ff329d6,7,POI tại Quận 3.,local
cafe-ba-khu-vuc-sai-gon,9 quán cafe ở ba khu vực Sài Gòn,"Danh sách POI thật tại Quận 1, Quận 3 và Bình Thạnh do Chốn tuyển chọn để khám phá.",published,vietmap_12d1c1b64b02d32f44707932,8,POI tại Quận 3.,local
