internal_id,name,address,latitude,longitude,district,status,is_simulated,size_category,estimated_capacity,price_level,typical_spend_min,typical_spend_max,currency,opening_hours
syn_place_001,Góc Mây 01,Địa chỉ hư cấu 01,10.7801,106.6871,Quận 3,published,true,medium,48,2,45000,90000,VND,"{""timezone"":""Asia/Ho_Chi_Minh"",""weekly"":{""monday"":[{""opens"":""07:00"",""closes"":""22:00""}],""tuesday"":[{""opens"":""07:00"",""closes"":""22:00""}],""wednesday"":[{""opens"":""07:00"",""closes"":""22:00""}],""thursday"":[{""opens"":""07:00"",""closes"":""22:00""}],""friday"":[{""opens"":""07:00"",""closes"":""23:00""}],""saturday"":[{""opens"":""08:00"",""closes"":""23:00""}],""sunday"":[{""opens"":""07:00"",""closes"":""12:00""},{""opens"":""14:00"",""closes"":""21:00""}]}}"
syn_place_002,Hiên Nắng 02,Địa chỉ hư cấu 02,10.7842,106.6902,Quận 3,published,true,large,80,2,40000,85000,VND,"{""timezone"":""Asia/Ho_Chi_Minh"",""weekly"":{""monday"":[{""opens"":""06:30"",""closes"":""21:30""}],""tuesday"":[{""opens"":""06:30"",""closes"":""21:30""}],""wednesday"":[{""opens"":""06:30"",""closes"":""21:30""}],""thursday"":[{""opens"":""06:30"",""closes"":""21:30""}],""friday"":[{""opens"":""06:30"",""closes"":""22:30""}],""saturday"":[{""opens"":""07:00"",""closes"":""22:30""}],""sunday"":[{""opens"":""07:00"",""closes"":""20:00""}]}}"
syn_place_003,Nếp Nhỏ 03,Địa chỉ hư cấu 03,10.7865,106.6875,Quận 3,published,true,small,24,1,30000,65000,VND,"{""timezone"":""Asia/Ho_Chi_Minh"",""weekly"":{""monday"":[],""tuesday"":[{""opens"":""08:00"",""closes"":""21:00""}],""wednesday"":[{""opens"":""08:00"",""closes"":""21:00""}],""thursday"":[{""opens"":""08:00"",""closes"":""21:00""}],""friday"":[{""opens"":""08:00"",""closes"":""22:00""}],""saturday"":[{""opens"":""08:00"",""closes"":""22:00""}],""sunday"":[{""opens"":""08:00"",""closes"":""20:00""}]}}"
syn_place_004,Trạm Chậm 04,Địa chỉ hư cấu 04,10.7754,106.6994,Quận 1,published,true,medium,50,2,45000,95000,VND,
syn_place_005,Đèn Vàng 05,Địa chỉ hư cấu 05,10.7715,106.7035,Quận 1,published,true,small,28,3,70000,140000,VND,"{""timezone"":""Asia/Ho_Chi_Minh"",""weekly"":{""monday"":[{""opens"":""09:00"",""closes"":""23:00""}],""tuesday"":[{""opens"":""09:00"",""closes"":""23:00""}],""wednesday"":[{""opens"":""09:00"",""closes"":""23:00""}],""thursday"":[{""opens"":""09:00"",""closes"":""23:00""}],""friday"":[{""opens"":""09:00"",""closes"":""23:30""}],""saturday"":[{""opens"":""09:00"",""closes"":""23:30""}],""sunday"":[{""opens"":""09:00"",""closes"":""22:00""}]}}"
syn_place_006,Sân Gió 06,Địa chỉ hư cấu 06,10.7780,106.7040,Quận 1,published,true,large,100,2,40000,100000,VND,"{""timezone"":""Asia/Ho_Chi_Minh"",""weekly"":{""monday"":[{""opens"":""06:00"",""closes"":""22:00""}],""tuesday"":[{""opens"":""06:00"",""closes"":""22:00""}],""wednesday"":[{""opens"":""06:00"",""closes"":""22:00""}],""thursday"":[{""opens"":""06:00"",""closes"":""22:00""}],""friday"":[{""opens"":""06:00"",""closes"":""22:30""}],""saturday"":[{""opens"":""06:30"",""closes"":""22:30""}],""sunday"":[{""opens"":""06:30"",""closes"":""22:00""}]}}"
syn_place_007,Bờ Lá 07,Địa chỉ hư cấu 07,10.8017,106.7107,Bình Thạnh,published,true,medium,56,2,45000,90000,VND,
syn_place_008,Tầng Hai 08,Địa chỉ hư cấu 08,10.8058,106.7148,Bình Thạnh,published,true,large,90,3,60000,150000,VND,"{""timezone"":""Asia/Ho_Chi_Minh"",""weekly"":{""monday"":[{""opens"":""07:30"",""closes"":""22:00""}],""tuesday"":[{""opens"":""07:30"",""closes"":""22:00""}],""wednesday"":[{""opens"":""07:30"",""closes"":""22:00""}],""thursday"":[{""opens"":""07:30"",""closes"":""22:00""}],""friday"":[{""opens"":""07:30"",""closes"":""23:00""}],""saturday"":[{""opens"":""08:00"",""closes"":""23:00""}],""sunday"":[{""opens"":""08:00"",""closes"":""22:00""}]}}"
syn_place_009,Khoảng Lặng 09,Địa chỉ hư cấu 09,10.8099,106.7189,Bình Thạnh,published,true,small,20,2,45000,80000,VND,"{""timezone"":""Asia/Ho_Chi_Minh"",""weekly"":{""monday"":[{""opens"":""08:00"",""closes"":""20:00""}],""tuesday"":[{""opens"":""08:00"",""closes"":""20:00""}],""wednesday"":[{""opens"":""08:00"",""closes"":""20:00""}],""thursday"":[{""opens"":""08:00"",""closes"":""20:00""}],""friday"":[{""opens"":""08:00"",""closes"":""21:00""}],""saturday"":[{""opens"":""08:00"",""closes"":""21:00""}],""sunday"":[]}}"
syn_place_010,Nhịp Phố 10,Địa chỉ hư cấu 10,10.7950,106.7000,Bình Thạnh,published,true,large,120,3,65000,160000,VND,"{""timezone"":""Asia/Ho_Chi_Minh"",""weekly"":{""monday"":[{""opens"":""07:00"",""closes"":""23:30""}],""tuesday"":[{""opens"":""07:00"",""closes"":""23:30""}],""wednesday"":[{""opens"":""07:00"",""closes"":""23:30""}],""thursday"":[{""opens"":""07:00"",""closes"":""23:30""}],""friday"":[{""opens"":""07:00"",""closes"":""23:59""}],""saturday"":[{""opens"":""07:00"",""closes"":""23:59""}],""sunday"":[{""opens"":""07:00"",""closes"":""23:00""}]}}"
syn_place_011,Mưa Thềm 11,Địa chỉ hư cấu 11,10.7810,106.6930,Quận 3,draft,true,unknown,,,,,VND,
syn_place_012,Hẻm Sáng 12,Địa chỉ hư cấu 12,10.7732,106.6972,Quận 1,archived,true,unknown,,,,,VND,
