place_id,environment,opening_hours,price_level,typical_spend_min,typical_spend_max,currency,size_category,estimated_capacity,amenities,space_note,source_note,updated_by
vietmap_019cd7fe932697fdf0793a20,local,"{""timezone"":""Asia/Ho_Chi_Minh"",""weekly"":{""monday"" :[{""opens"":""07:00"",""closes"":""22:00""}],""tuesday"" :[{""opens"":""07:00"",""closes"":""22:00""}],""wednesday"" :[{""opens"":""07:00"",""closes"":""22:00""}],""thursday"" :[{""opens"":""07:00"",""closes"":""22:00""}],""friday"" :[{""opens"":""07:00"",""closes"":""23:00""}],""saturday"" :[{""opens"":""08:00"",""closes"":""23:00""}],""sunday"" :[{""opens"":""08:00"",""closes"":""22:00""}]}}",2,35000,90000,VND,medium,45,"[""Wi-Fi"",""Ổ cắm điện"",""Điều hòa""]","Không gian trong nhà vừa phải, dữ liệu minh họa.","Fixture UI demo; không phải dữ liệu provider.",local-developer
vietmap_0931f13b2396fc0ab1dc7c36,local,"{""timezone"":""Asia/Ho_Chi_Minh"",""weekly"":{""monday"" :[{""opens"":""07:00"",""closes"":""22:00""}],""tuesday"" :[{""opens"":""07:00"",""closes"":""22:00""}],""wednesday"" :[{""opens"":""07:00"",""closes"":""22:00""}],""thursday"" :[{""opens"":""07:00"",""closes"":""22:00""}],""friday"" :[{""opens"":""07:00"",""closes"":""23:00""}],""saturday"" :[{""opens"":""08:00"",""closes"":""23:00""}],""sunday"" :[{""opens"":""08:00"",""closes"":""22:00""}]}}",2,35000,90000,VND,medium,45,"[""Wi-Fi"",""Ổ cắm điện"",""Điều hòa""]","Không gian trong nhà vừa phải, dữ liệu minh họa.","Fixture UI demo; không phải dữ liệu provider.",local-developer
vietmap_0d3c97cfa2cd35350a589712,local,"{""timezone"":""Asia/Ho_Chi_Minh"",""weekly"":{""monday"" :[{""opens"":""07:00"",""closes"":""22:00""}],""tuesday"" :[{""opens"":""07:00"",""closes"":""22:00""}],""wednesday"" :[{""opens"":""07:00"",""closes"":""22:00""}],""thursday"" :[{""opens"":""07:00"",""closes"":""22:00""}],""friday"" :[{""opens"":""07:00"",""closes"":""23:00""}],""saturday"" :[{""opens"":""08:00"",""closes"":""23:00""}],""sunday"" :[{""opens"":""08:00"",""closes"":""22:00""}]}}",2,35000,90000,VND,medium,45,"[""Wi-Fi"",""Ổ cắm điện"",""Điều hòa""]","Không gian trong nhà vừa phải, dữ liệu minh họa.","Fixture UI demo; không phải dữ liệu provider.",local-developer
vietmap_0f7ed33d7719edd352124f25,local,"{""timezone"":""Asia/Ho_Chi_Minh"",""weekly"":{""monday"" :[{""opens"":""07:00"",""closes"":""22:00""}],""tuesday"" :[{""opens"":""07:00"",""closes"":""22:00""}],""wednesday"" :[{""opens"":""07:00"",""closes"":""22:00""}],""thursday"" :[{""opens"":""07:00"",""closes"":""22:00""}],""friday"" :[{""opens"":""07:00"",""closes"":""23:00""}],""saturday"" :[{""opens"":""08:00"",""closes"":""23:00""}],""sunday"" :[{""opens"":""08:00"",""closes"":""22:00""}]}}",2,35000,90000,VND,medium,45,"[""Wi-Fi"",""Ổ cắm điện"",""Điều hòa""]","Không gian trong nhà vừa phải, dữ liệu minh họa.","Fixture UI demo; không phải dữ liệu provider.",local-developer
vietmap_111c652521257e73b5226451,local,"{""timezone"":""Asia/Ho_Chi_Minh"",""weekly"":{""monday"" :[{""opens"":""07:00"",""closes"":""22:00""}],""tuesday"" :[{""opens"":""07:00"",""closes"":""22:00""}],""wednesday"" :[{""opens"":""07:00"",""closes"":""22:00""}],""thursday"" :[{""opens"":""07:00"",""closes"":""22:00""}],""friday"" :[{""opens"":""07:00"",""closes"":""23:00""}],""saturday"" :[{""opens"":""08:00"",""closes"":""23:00""}],""sunday"" :[{""opens"":""08:00"",""closes"":""22:00""}]}}",2,35000,90000,VND,medium,45,"[""Wi-Fi"",""Ổ cắm điện"",""Điều hòa""]","Không gian trong nhà vừa phải, dữ liệu minh họa.","Fixture UI demo; không phải dữ liệu provider.",local-developer
vietmap_12d1c1b64b02d32f44707932,local,"{""timezone"":""Asia/Ho_Chi_Minh"",""weekly"":{""monday"" :[{""opens"":""07:00"",""closes"":""22:00""}],""tuesday"" :[{""opens"":""07:00"",""closes"":""22:00""}],""wednesday"" :[{""opens"":""07:00"",""closes"":""22:00""}],""thursday"" :[{""opens"":""07:00"",""closes"":""22:00""}],""friday"" :[{""opens"":""07:00"",""closes"":""23:00""}],""saturday"" :[{""opens"":""08:00"",""closes"":""23:00""}],""sunday"" :[{""opens"":""08:00"",""closes"":""22:00""}]}}",2,35000,90000,VND,medium,45,"[""Wi-Fi"",""Ổ cắm điện"",""Điều hòa""]","Không gian trong nhà vừa phải, dữ liệu minh họa.","Fixture UI demo; không phải dữ liệu provider.",local-developer
vietmap_15de712967320f79e3bbde32,local,"{""timezone"":""Asia/Ho_Chi_Minh"",""weekly"":{""monday"" :[{""opens"":""07:00"",""closes"":""22:00""}],""tuesday"" :[{""opens"":""07:00"",""closes"":""22:00""}],""wednesday"" :[{""opens"":""07:00"",""closes"":""22:00""}],""thursday"" :[{""opens"":""07:00"",""closes"":""22:00""}],""friday"" :[{""opens"":""07:00"",""closes"":""23:00""}],""saturday"" :[{""opens"":""08:00"",""closes"":""23:00""}],""sunday"" :[{""opens"":""08:00"",""closes"":""22:00""}]}}",2,35000,90000,VND,medium,45,"[""Wi-Fi"",""Ổ cắm điện"",""Điều hòa""]","Không gian trong nhà vừa phải, dữ liệu minh họa.","Fixture UI demo; không phải dữ liệu provider.",local-developer
vietmap_1f64d73f62d40c03ff44eead,local,"{""timezone"":""Asia/Ho_Chi_Minh"",""weekly"":{""monday"" :[{""opens"":""07:00"",""closes"":""22:00""}],""tuesday"" :[{""opens"":""07:00"",""closes"":""22:00""}],""wednesday"" :[{""opens"":""07:00"",""closes"":""22:00""}],""thursday"" :[{""opens"":""07:00"",""closes"":""22:00""}],""friday"" :[{""opens"":""07:00"",""closes"":""23:00""}],""saturday"" :[{""opens"":""08:00"",""closes"":""23:00""}],""sunday"" :[{""opens"":""08:00"",""closes"":""22:00""}]}}",2,35000,90000,VND,medium,45,"[""Wi-Fi"",""Ổ cắm điện"",""Điều hòa""]","Không gian trong nhà vừa phải, dữ liệu minh họa.","Fixture UI demo; không phải dữ liệu provider.",local-developer
vietmap_231d14110212ae833491d37c,local,"{""timezone"":""Asia/Ho_Chi_Minh"",""weekly"":{""monday"" :[{""opens"":""07:00"",""closes"":""22:00""}],""tuesday"" :[{""opens"":""07:00"",""closes"":""22:00""}],""wednesday"" :[{""opens"":""07:00"",""closes"":""22:00""}],""thursday"" :[{""opens"":""07:00"",""closes"":""22:00""}],""friday"" :[{""opens"":""07:00"",""closes"":""23:00""}],""saturday"" :[{""opens"":""08:00"",""closes"":""23:00""}],""sunday"" :[{""opens"":""08:00"",""closes"":""22:00""}]}}",2,35000,90000,VND,medium,45,"[""Wi-Fi"",""Ổ cắm điện"",""Điều hòa""]","Không gian trong nhà vừa phải, dữ liệu minh họa.","Fixture UI demo; không phải dữ liệu provider.",local-developer
vietmap_2acf2e912e56f280d5d571f8,local,"{""timezone"":""Asia/Ho_Chi_Minh"",""weekly"":{""monday"" :[{""opens"":""07:00"",""closes"":""22:00""}],""tuesday"" :[{""opens"":""07:00"",""closes"":""22:00""}],""wednesday"" :[{""opens"":""07:00"",""closes"":""22:00""}],""thursday"" :[{""opens"":""07:00"",""closes"":""22:00""}],""friday"" :[{""opens"":""07:00"",""closes"":""23:00""}],""saturday"" :[{""opens"":""08:00"",""closes"":""23:00""}],""sunday"" :[{""opens"":""08:00"",""closes"":""22:00""}]}}",2,35000,90000,VND,medium,45,"[""Wi-Fi"",""Ổ cắm điện"",""Điều hòa""]","Không gian trong nhà vừa phải, dữ liệu minh họa.","Fixture UI demo; không phải dữ liệu provider.",local-developer
