report_id,place_id,user_id,visited_at,day_type,time_bucket,visit_mode,noise,crowd,lighting,privacy,workability,social_energy,seat_availability,location_verification,data_type,is_simulated,moderation_status,short_note
sim_community_tb_001,syn_place_001,fixture_user_01,2026-08-08T08:30:00+07:00,weekend,morning,work,1,1,2,4,5,1,easy,verified,community,true,approved,Dữ liệu giả lập cho Explore buổi sáng
sim_community_tb_002,syn_place_001,fixture_user_02,2026-08-08T09:00:00+07:00,weekend,morning,work,2,2,2,3,5,1,easy,approximate,community,true,approved,Dữ liệu giả lập đồng thuận buổi sáng
sim_community_tb_003,syn_place_001,fixture_user_03,2026-08-08T19:30:00+07:00,weekend,evening,date,2,3,5,4,1,3,normal,verified,community,true,approved,Dữ liệu giả lập cho Explore buổi tối
sim_community_tb_004,syn_place_003,fixture_user_04,2026-08-09T09:15:00+07:00,weekend,morning,study,1,2,2,4,5,1,easy,verified,community,true,approved,Dữ liệu giả lập cho Explore buổi sáng
sim_community_tb_005,syn_place_003,fixture_user_05,2026-08-09T15:00:00+07:00,weekend,afternoon,solo,2,2,3,4,3,2,easy,approximate,community,true,approved,Dữ liệu giả lập cho Explore buổi chiều
sim_community_tb_006,syn_place_004,fixture_user_06,2026-08-10T15:30:00+07:00,weekday,afternoon,business_meeting,2,3,2,4,4,2,normal,verified,community,true,approved,Dữ liệu giả lập cho Explore buổi chiều
sim_community_tb_007,syn_place_004,fixture_user_07,2026-08-10T19:45:00+07:00,weekday,evening,date,2,3,5,5,1,3,easy,verified,community,true,approved,Dữ liệu giả lập cho Explore buổi tối
sim_community_tb_008,syn_place_005,fixture_user_08,2026-08-10T20:15:00+07:00,weekday,evening,friends,4,4,4,2,1,5,normal,approximate,community,true,approved,Dữ liệu giả lập cho Explore buổi tối
sim_community_tb_009,syn_place_005,fixture_user_09,2026-08-10T22:30:00+07:00,weekday,late,late_night,3,3,4,3,1,4,easy,verified,community,true,approved,Dữ liệu giả lập cho Explore buổi khuya
sim_community_tb_010,syn_place_008,fixture_user_10,2026-08-11T08:45:00+07:00,weekday,morning,work,1,2,2,5,5,1,easy,verified,community,true,approved,Dữ liệu giả lập cho Explore buổi sáng
sim_community_tb_011,syn_place_008,fixture_user_11,2026-08-11T15:00:00+07:00,weekday,afternoon,work,1,2,2,5,5,1,normal,verified,community,true,approved,Dữ liệu giả lập cho Explore buổi chiều
sim_community_tb_012,syn_place_010,fixture_user_12,2026-08-08T22:15:00+07:00,weekend,late,friends,5,5,4,1,1,5,difficult,verified,community,true,approved,Dữ liệu giả lập cho Explore buổi khuya
